{"cameraMode":{"drawMode":0,"name":"Shaded","section":"Shading Mode"},"sceneLighting":true,"audioPlay":false,"sceneViewState":{"m_AlwaysRefresh":false,"showFog":true,"showSkybox":true,"showFlares":true,"showImageEffects":true,"showParticleSystems":true,"showVisualEffectGraphs":true,"m_FxEnabled":true},"in2DMode":false,"pivot":{"x":0.46311473846435549,"y":3.9629406929016115,"z":-0.5786304473876953},"rotation":{"x":-0.06830290704965592,"y":0.924801230430603,"z":-0.3167687952518463,"w":-0.19942988455295564},"size":5.013625144958496,"orthographic":true}